Adhuro_prem.mp3	09	GPS	1
Adhuro_prem.mp3	09	GPS	0.00115651263422
Axix - Mero Prem (Adhuro Prem 2)-euymzHMTsbc.mp3	09	GPS	1
Axix - Mero Prem (Adhuro Prem 2)-euymzHMTsbc.mp3	09	GPS	0.00273540105906
Adhuro Prem Female.mp3	09	GPS	1
Adhuro Prem Female.mp3	09	GPS	0.00138040452168
Axix - Mero Prem (Adhuro Prem 2)-euymzHMTsbc.mp3	09	GPS	1
Axix - Mero Prem (Adhuro Prem 2)-euymzHMTsbc.mp3	09	GPS	0.000979365529241
Adhuro Prem Female.mp3	09	GPS	1
Adhuro Prem Female.mp3	09	GPS	0.00117652580656
Adhuro_prem.mp3	09	GPS	1
Adhuro Prem Female.mp3	14	GPS	1
Adhuro Prem Female.mp3	14	GPS	1
Adhuro Prem Female.mp3	14	GPS	0.0818121977921
Axix - Mero Prem (Adhuro Prem 2)-euymzHMTsbc.mp3	14	GPS	1
Adhuro_prem_new.mp3	15	GPS	1
Adhuro_prem_new.mp3	15	GPS	0.0452533006668
Adhuro_prem.mp3	15	GPS	1
Adhuro_prem.mp3	15	GPS	0.0723749814016
Adhuro_prem_new.mp3	15	GPS	1
Adhuro Prem Female.mp3	08	GPS	1
Adhuro Prem Female.mp3	08	GPS	0.156742358002
Axix - Mero Prem (Adhuro Prem 2)-euymzHMTsbc.mp3	08	GPS	1
Axix - Mero Prem (Adhuro Prem 2)-euymzHMTsbc.mp3	08	GPS	0.0394199098553
Adhuro_prem.mp3	08	GPS	1
Adhuro_prem.mp3	08	GPS	0.0161287173247
Adhuro_prem_new.mp3	08	GPS	1
